﻿[
  {
    "route": "b004.html",
    "date": "July 10, 2015",
    "author": "David Ruth",
    "tags": [
      {
        "tag": "Azure"
      },
      {
        "tag": "IaaS"
      },
      {
        "tag": "Best Practice"
      }
    ],
    "title": "Increase Office 365 User Engagement with Custom App Launcher Tiles",
    "paras": [
      {
        "text": " One of the common goals of any business is to increase the adoption and engagement of the employees in the corporate productivity platform.  Office 365 gives us many tools to help with this.  Today I'm going to discuss two of them that center on the App Launcher otherwise known as the 'Waffle' in the upper left corner of the web browser when you go to your Office 365 subscription."
      },
      {
        "text": "The bottom line of adoption and engagement is to make daily workflows easier in the new environment.  Otherwise most people will continue to do what they always did and ignore your shiny new world.  In Office 365 one of the ways we can make workflows easier is to add Custom Tiles to the App Launcher so that when your users click on the waffle they can have their frequently used web sites grouped together.  Yes, Internet Favorites are only a click or two away, but this allows the user to stay in the same context throughout their daily workflow."
      },
      {
        "text": " I go to Bootswatch.com a lot so here is how it can be added to the App Launcher. Log into Office 365 as an Administrator and go to your 'Admin' tile.",
        "images": [
          {
            "path": "./b/blogimages/b004/image001.png",
            "altText": ""
          },
          {
            "path": "./b/blogimages/b004/image003.png",
            "altText": ""
          }
        ]
      },
      {
        "text": "Then click on Company Profile.",
        "images": [
          {
            "title": "",
            "path": "./b/blogimages/b004/image005.png",
            "altText": "",
            "position": ""
          }
        ]
      },
      {
        "text": "Click on Custom tiles and the plus to add a new tile.",
        "images": [
          {
            "title": "",
            "path": "./b/blogimages/b004/image007.png",
            "altText": "",
            "position": ""
          }
        ]
      },
      {
        "text": "Here's the information required for my Bootswatch tile."
      },
      {
        "text": "Click 'Submit.'"
      },
      {
        "text": "At this point the Bootswatch Custom Tile is available for anyone in the organization but it's now in their App Launcher yet.  And not everyone will need every Custom Tile."
      },
      {
        "text": "Here's how a user adds the Custom Tile to their personal App Launcher:<br />They would click on their 'Waffle' and then on the 'My Apps' icon at the bottom of the App Launcher.",
        "images": [
          {
            "title": "",
            "path": "./b/blogimages/b004/image009.png",
            "altText": "",
            "position": ""
          }
        ]
      },
      {
        "text": "They would then hover over the Custom Link they want to add and click on the 'More Options' ellipse.",
        "images": [
          {
            "title": "",
            "path": "./b/blogimages/b004/image011.png",
            "altText": "",
            "position": ""
          }
        ]
      },
      {
        "text": "Click on Pin to app launcher."
      },
      {
        "text": "Now the new Custom Tile is available for this user!",
        "images": [
          {
            "title": "",
            "path": "./b/blogimages/b004/image013.png",
            "altText": "",
            "position": ""
          }
        ]
      },
      {
        "text": "The other way we can use the My Apps waffle is to put controlled access to other sites here.  This way we can centrally control the external site's password through the Azure AD Admin web console but give a user one-click access to the site right through the Office 365 waffle."
      },
      {
        "text": "A good use-case is the Mid-Sized business that has a single individual responsible for their active Twitter social engagement.  IT would like to make it easy for the Social Communications Employee but IT desires to maintain control of the password and ensure that the password is at least 16 characters long and has significant complexity."
      },
      {
        "text": "We can set this up in Azure AD through the Web Admin page. Log in and navigate to the Azure AD page. Select the Applications tab.",
        "images": [
          {
            "title": "",
            "path": "./b/blogimages/b004/image015.png",
            "altText": "",
            "position": ""
          }
        ]
      },
      {
        "text": "Click on the 'Add' button.",
        "images": [
          {
            "title": "",
            "path": "./b/blogimages/b004/image017.png",
            "altText": "",
            "position": ""
          }
        ]
      },
      {
        "text": "Click on the 'Add an application from the gallery' link.",
        "images": [
          {
            "title": "",
            "path": "./b/blogimages/b004/image019.png",
            "altText": "",
            "position": ""
          }
        ]
      },
      {
        "text": "Use the search box and find Twitter.",
        "images": [
          {
            "title": "",
            "path": "./b/blogimages/b004/image021.png",
            "altText": "",
            "position": ""
          }
        ]
      },
      {
        "text": "Click on the 'Configure single sign-on' button.",
        "images": [
          {
            "title": "",
            "path": "./b/blogimages/b004/image023.png",
            "altText": "",
            "position": ""
          }
        ]
      },
      {
        "text": "Select the 'Password Single Sign-on' radio button.",
        "images": [
          {
            "title": "",
            "path": "./b/blogimages/b004/image025.png",
            "altText": "",
            "position": ""
          }
        ]
      },
      {
        "text": "Now that the app is added we need to select the users, so click on the 'Assign accounts' button.",
        "images": [
          {
            "title": "",
            "path": "./b/blogimages/b004/image023.png",
            "altText": "",
            "position": ""
          }
        ]
      },
      {
        "text": "Select the desired user.",
        "images": [
          {
            "title": "",
            "path": "./b/blogimages/b004/image028.png",
            "altText": "",
            "position": ""
          }
        ]
      },
      {
        "text": "Click on the 'Assign' Button."
      },
      {
        "text": "Click the checkbox and fill in the selected Twitter account and the complex password you have set up with Twitter already.",
        "images": [
          {
            "title": "",
            "path": "./b/blogimages/b004/image030.png",
            "altText": "",
            "position": ""
          }
        ]
      },
      {
        "text": "Note: If you don't check the checkbox the user will get a password prompt.  Sometimes that's exactly what you want!",
        "images": [
          {
            "title": "",
            "path": "./b/blogimages/b004/image033.png",
            "altText": "",
            "position": ""
          }
        ]
      },
      {
        "text": "The user adds the app to their My Apps the same way as before. <br /> Now when they click on the Tile in their My Apps it will open Twitter in a new tab and log in for them with the credentials you entered in the Azure AD portal."
      },
      {
        "text": " User engagement can be a lot easier when all of the tools people need for their daily workflows are in one place.  Give them reasons that make their lives better if you want better adoption!"
      },
      {
        "text": "Enjoy and Happy Azuring!"
      }
    ]
  },
  {
    "route": "b003.html",
    "date": "June 30, 2015",
    "author": "David Ruth",
    "tags": [
      {
        "tag": "Azure"
      },
      {
        "tag": "IaaS"
      },
      {
        "tag": "Best Practice"
      }
    ],
    "title": "Help! I can't log into my Azure VM!",
    "paras": [
      {
        "text": "Some days are harder than others.  When you try to log into your newish Azure VM after that first cup of coffee in the morning and it stubbornly refuses to let you log in.  What's going on?  They were all created as admin accounts last month when you started working on the new project…  Wait…  They were all created on the same day?  Yep!  In the same way? Yes again!  You do a little internet research and Bing and Google both point you to Keith Mayars's excellent article called Microsoft Azure Virtual Machines: Reset Forgotten Admin Passwords with Windows PowerShell at http://blogs.technet.com/b/keithmayer/archive/2014/06/26/microsoft-azure-virtual-machines-reset-forgotten-admin-password-with-windows-powershell.aspx."
      },
      {
        "text": " You follow Keith's expert advice but it doesn't seem to work for you.  None of the accounts can access the VM.  There is a lot of work that went into building the VM up to the state it's in today.   There may still be hope!  The default Password Expiration policy for Windows Server 2012 R2 Datacenter system that is not joined to a domain is 42 days."
      },
      {
        "text": "", 
        "images": [
          {
            "title": "",
            "path": "./b/blogimages/AzurePasswordPolicy.png",
            "altText": "Default Azure VM Password Policy",
            "position": ""
          }
        ]
      },
      {
        "text": "Since all your accounts, including the built-in admin account, were built 42 days ago we can change the passwords using the PowerShell Keith describes but that doesn't seem to really be resetting the accounts to a usable configuration.  We need to configure the account to allow us to log in."
      },
      {
        "text": "There is some PowerShell that will reconfigure the account.  There are lots of approaches to problem if we could access the VM but that's the problem. So step one:  What PowerShell can we run that will reset an account that has an expired password? It seems like the easiest way would be to set the account to 'Password Never Expires'. Here's a good reference on how to use UserAccountControl flags: http://blogs.technet.com/b/mempson/archive/2011/08/24/useraccountcontrol-flags.aspx."
      },
      {
        "text": "So let's see some PowerShell:",
        "codes": [
          {
            "line": "$computer = [ADSI]'WinNT://MyTrustyAzureVM,computer'"
          },
          {
            "line": "$Users = $computer.psbase.Children | Where-Object {$_.psbase.schemaclassname -eq 'user'}"
          },
          {
            "line": "foreach ($user in $users.psbase.syncroot) "
          },
          {
            "line": "{"
          },
          {
            "line": "   If ($user.name -eq 'hookpointe')"
          },
          {
            "line": "   {"
          },
          {
            "line": "       Write-Host 'Setting userflags for hookpointe'"
          },
          {
            "line": "       $user.userflags = 66049"
          },
          {
            "line": "       user.SetInfo()"
          },
          {
            "line": "   ;}"
          },
          {
            "line": "}"
          }
        ]
      },
      {
        "text": "In this code:",
        "lists": [
          {
            "items": [
              {
                "text": "'MyTrustyAzureVM' is the Netbios computer name of the target system."
              },
              {
                "text": "'hookpointe' is the name of the target local account we are going to try to reconfigure."
              },
              {
                "text": "'66049' is the UserAccountControl flag we want to set our account to never expire the password."
              }
            ]
          }
        ]
      },
      {
        "text": "Save this as Reset-Hookpointe.ps1 on your filesystem.  I saved mine to C:/scripts/reset/."
      },
      {
        "text": "Now we need to get our code somewhere our Azure VM can see it. Seems like Azure blob storage is the way to go. In the Azure Portal create a new container called 'scripts'. Then we can move our Reset-Hookpointe.ps1 file to the 'scripts' container using AzCopy. You can find a lot of information about AzCopy here: https://azure.microsoft.com/en-us/documentation/articles/storage-use-azcopy/"
      },
      {
        "text": "This is the command I ran at the command prompt:",

        "codes": [
          {
            "line": "'C:\\Program Files (x86)\\Microsoft SDKs\\Azure\\AzCopy\\Azcopy.exe' /Source:'C:\\scripts\\reset\\' /Dest:'https://hookpointedemo1.blob.core.windows.net/scripts' /DestKey:%A really long string of characters%"
          }
        ]
      },
      {
        "text": "Now our PowerShell is somewhere that our reluctant VM can easily access."
      },
      {
        "text": "Implementing the PowerShell on the target VM is a problem we can solve with Set-AzureVMCustomScriptExtension Azure PowerShell cmdlet.  We log into Azure in the usual way using Azure PowerShell.  Here's a reference to guide you along: https://azure.microsoft.com/en-us/documentation/articles/powershell-install-configure/"
      },
      {
        "text": "Use the Select-AzureSubscription cmdlet with the _SubscriptionName switch."
      },
      {
        "text": "Then we specify the target VM and run the Set-AzureVMCustomScriptExtension.",
        "codes": [
          {
            "line": "PS C:\\scripts\\reset> $VM = Get-AzureVM -ServiceName MyTrustyAzureVM -Name MyTrustyAzureVM"
          },
          {
            "line": "VERBOSE: 3:58:27 PM - Completed Operation: Get Deployment"
          },
          {
            "line": "PS C:\\scripts\\reset> Set-AzureVMCustomScriptExtension -VM $VM -StorageAccountName hookpointedemo1 -ContainerName scripts -FileName Reset-Hookpointe.ps1 -Run Reset-Hookpointe.ps1 | Update-AzureVM"
          },
          {
            "line": "VERBOSE: 4:00:07 PM - Completed Operation: Get Deployment"
          },
          {
            "line": "VERBOSE: 4:00:07 PM - Begin Operation: Update-AzureVM"
          },
          {
            "line": "VERBOSE: 4:00:46 PM - Completed Operation: Update-AzureVM"
          },
          {
            "line": "OperationDescription OperationId                          OperationStatus"
          },
          {
            "line": "-------------------- -----------                          ---------------"
          },
          {
            "line": "Update-AzureVM       583f8e90-c1f3-142c-8783-bed054b48f47 Succeeded"
          }

        ]
      },
      {
        "text": " Here is the reference for the Set-AzureVMCustomScriptExtension cmdlet: https://msdn.microsoft.com/en-us/library/azure/dn722462.aspx"
      },
      {
        "text": "Please test this process before you need this process!  At the rate Azure is changing it may be different before this BLOG gets published or by the time a search engine finds it for you!"
      },
      {
        "text": "Enjoy!  And Happy Azuring!"
      },
      {
        "text": "Links referenced in this post:",
        "links": [
          {
            "title": "Windows UserAccountControl Information:",
            "url": "http://blogs.technet.com/b/mempson/archive/2011/08/24/useraccountcontrol-flags.aspx",
            "name": "http://blogs.technet.com/b/mempson/archive/2011/08/24/useraccountcontrol-flags.aspx",
            "position": ""
          },
          {
            "title": "AzCopy Information:",
            "url": "https://azure.microsoft.com/en-us/documentation/articles/storage-use-azcopy/",
            "name": "https://azure.microsoft.com/en-us/documentation/articles/storage-use-azcopy/",
            "position": ""
          },
          {
            "title": "Azure Powershell Guidance:",
            "url": "https://azure.microsoft.com/en-us/documentation/articles/powershell-install-configure/",
            "name": "https://azure.microsoft.com/en-us/documentation/articles/powershell-install-configure/",
            "position": ""
          },
          {
            "title": "Azure VM Custom Script Extension Information:",
            "url": "https://msdn.microsoft.com/en-us/library/azure/dn722462.aspx",
            "name": "https://msdn.microsoft.com/en-us/library/azure/dn722462.aspx",
            "position": ""
          }
        ]
      }
    ]
  },
  {
    "route": "b002.html",
    "date": "June 15, 2015",
    "author": "David Ruth",
    "tags": [
      {
        "tag": "ADFS"
      },
      {
        "tag": "Azure"
      },
      {
        "tag": "Best Practice"
      }
    ],
    "title": "The case for deploying ADFS in Azure!",
    "paras": [
      {
        "text": "Many organizations implemented ADFS and DirSync to achieve single sign-on for Office 365.   Many of these implementations are ADFS 2.0 and DirSync built on Hyper-V or VMWare in their own Data Center."
      },
      {
        "text": "There are lots of good reasons to deploy ADFS and DirSync in your own Data Center. Now that ADFS on Windows Server 2012 R2 is out and Microsoft has moved to Azure AD Connect for directory synchronization we can review our deployments in light of our Disaster Recovery plans."
      },
      {

        "text": "There are significant improvements to both products over previous versions and depending on what version you are upgrading from, it can become pretty easy to make the business case to undertake this project.  The first question that you need to ask though is whether ADFS is the right architecture for your business.  If you’re only federated with Azure AD you may be better served by using the Password Sync features of Azure AD Connect!  This Same Sign-on as opposed to Single Sign-on approach can save significant time and money for your enterprise."
      },
      {
        "text": "There are, in fact, many benefits to deploying your ADFS/Azure AD Connect environment to Azure if the business case points you down the road of the full deployment.  With your Exchange, Skype for Business, OneDrive for Business and SharePoint environments in Office 365 your data is safe during a localized issue that compromises your Data Center.  The problem is can you access your data?  With ADFS and Azure AD Connect in the cloud also you can continue to communicate, collaborate and function through whatever issue has compromised your Data Center.  Each layer of your Identity deployment should at a minimum be in its own Availability Group.  The ADFS Proxies, the ADFS servers and the Domain Controllers each need to be protected in an Availibility Group."
      },
      {
        "text": " You can have a built in fall back option by implementing Password Sync so that if your ADFS deployment suffers a failure you can fall back to the synced passwords for your users.  This requires manual or scripted intervention."
      },
      {
        "text": "You could implement more complex resilience patterns if required but the increase in complexity is not always helpful.  But you could split the deployment between your Data Center and Azure, between multiple Azure Data Centers or between Azure and a competitors Cloud Service."
      },
      {
        "text": "There are a couple of things to keep in mind when deploying ADFS 3.0 in Azure.",
        "lists": [
          {
            "items": [
              {
                "text": "Out of the box Windows XP systems won’t be able to authenticate. You don’t still have XP do you… (Lots of people still do)"
              },
              {
                "text": "You should pay special attention to your AD architecture and your current AD health. The most common cause of an ADFS issue in Azure isn’t ADFS…  It’s your Active Directory!"
              }
            ]
          }
        ]
      },
      {
        "text": "Here are some helpful links I’ve collected to help you on your path to better Identity Management systems:",
        "links": [
          {
            "title": "Azure AD Connect",
            "url": "https://azure.microsoft.com/en-us/documentation/articles/active-directory-aadconnect/",
            "name": "https://azure.microsoft.com/en-us/documentation/articles/active-directory-aadconnect/",
            "position": "newline"
          },
          {
            "title": "Deploy ADFS 3.0",
            "url": "http://blogs.technet.com/b/rmilne/archive/2014/04/28/how-to-install-adfs-2012-r2-for-office-365.aspx",
            "name": "http://blogs.technet.com/b/rmilne/archive/2014/04/28/how-to-install-adfs-2012-r2-for-office-365.aspx",
            "position": "newline"
          },
          {
            "title": "One way to resolve the Windows XP Issue",
            "url": "http://blogs.technet.com/b/applicationproxyblog/archive/2014/06/19/how-to-support-non-sni-capable-clients-with-web-application-proxy-and-ad-fs-2012-r2.aspx",
            "name": "http://blogs.technet.com/b/applicationproxyblog/archive/2014/06/19/how-to-support-non-sni-capable-clients-with-web-application-proxy-and-ad-fs-2012-r2.aspx",
            "position": "newline"
          },
          {
            "title": "Another way to solve the XP Issue (use with caution)",
            "url": "http://blog.johanpersson.nu/?p=1192",
            "name": "http://blog.johanpersson.nu/?p=1192",
            "position": "newline"
          }
        ]
      }
    ]
  },
  {
    "route": "b001.html",
    "date": "June 3, 2015",
    "author": "David Ruth",
    "tags": [
      {
        "tag": "career"
      },
      {
        "tag": "business"
      },
      {
        "tag": "professionalism"
      },
      {
        "tag": "advice"
      }
    ],
    "title": "IT Career Advice?",
    "paras": [
      {
        "text": "I have been asked by several friends and acquaintances in corporate IT for some career advice.  I think my response surprised most of the people that asked for my insight.  In almost every case it comes down to learning more about business and the Business.  Usually I’ve been told I didn’t understand the question…  They wanted to know what technology or Certification I thought they should focus on to be more successful."
      },
      {
        "text": "In today’s IT environment you must be good at what you do…  But the people in IT that get the most notice are the ones that make the business work better.  Not the ones that make the technology work better."
      },
      {
        "text": "So when asked, my answer is almost never a technology like Angular.js, Azure or AWS or Certifications like CISSP, CCNA, RHCE or MCSE.   Even the name “Information Technology” seems to be really outdated to me.  We are in the business of “Information Service” and how we can develop, deploy and maintain these services to the business at the lowest overhead cost."
      },
      {
        "text": "Historically, our profession has been looked at by the Business as an overhead cost.  As a profession we need to be the drivers of business innovation through the best technologies, architectures and Return on Investment.  We need to avoid the business as usual of the technologies and patterns we are comfortable with and come up with creative and innovative solutions that solve business problems and create new products and features for the business."
      },
      {
        "text": "I’ve seen customers that have deployed Exchange 2013 for 5,000 users using the old Exchange 2003 architecture patterns.   They deployed their mission critical Messaging environment using high end fiber connected storage and virtualized components.  Their Exchange environment works great!  It also cost the business almost three times what it could have.  There is a reason that Microsoft’s Messaging “service” uses inexpensive commodity hardware and storage to deliver to so many users.  This architecture allows many copies of the data to be maintained and ensures service durability during hardware failure and all at a fraction of the cost of the old architecture patterns."
      },
      {
        "text": "The moral of the story is to design the service first then determine the best technologies, architectures and ROI to the Business.  We live in an information age and we are the gateway for the business to the information!  It’s time to embrace our destiny and think in business and the Business terms first!"
      }
    ]

  }
]